<?xml version="1.0" encoding="UTF-8"?>
<beans xmlns="http://www.springframework.org/schema/beans"
  xmlns:xsi="http://www.w3.org/2001/XMLSchema-instance"
  xsi:schemaLocation="http://www.springframework.org/schema/beans http://www.springframework.org/schema/beans/spring-beans.xsd">
<bean id="serviceABean" class="lt.vtmc.spring.ServiceA"
init-method="showWhenInitializing" destroy-method="showWhenDestroying">
<property name="message" value="ServiceA message" />
</bean>
<bean id="serviceBBean" class="lt.vtmc.spring.ServiceB">
<constructor-arg ref="serviceABean" />
</bean>
<bean id="serviceCBean" class="lt.vtmc.spring.ServiceC"
parent="serviceABean" >
</bean>
 <bean class="lt.vtmc.spring.ApplicationBeanInitializationTest"/>
</beans>