<?xml version = "1.0" encoding = "UTF-8"?>

<beans xmlns = "http://www.springframework.org/schema/beans"
   xmlns:xsi = "http://www.w3.org/2001/XMLSchema-instance"
   xsi:schemaLocation = "http://www.springframework.org/schema/beans
   http://www.springframework.org/schema/beans/spring-beans.xsd"

default-init-method="showWhenInitializing" default-destroy-method="showWhenDestroying">

 <bean class="lt.vtmc.vitkunas.BeanInitializationTest"/>

<bean id="humanBean" class="lt.vtmc.vitkunas.Human">
<property name="name" value="Beaniukas" />
<property name="age" value="1" />
</bean>

<bean id="shapeBean" class="lt.vtmc.vitkunas.Shape">
<property name="area" value="125" />
<property name="color" value="red" />
<property name="message" value="I am a shape." />
</bean>

<bean id="squareBean" class="lt.vtmc.vitkunas.Square" parent="shapeBean">
<property name="message" value="I am a square." />
</bean>

<bean id="rectangleBean" class="lt.vtmc.vitkunas.Rectangle" parent="shapeBean">
<property name="message" value="I am a rectangle." />
</bean>


<bean id="circleBean" class="lt.vtmc.vitkunas.Circle" parent="shapeBean">
<property name="message" value="I am a circle." />
</bean>



</beans>